time,value
2025-06-05T06:49:45.346509341Z,390
2025-06-05T06:50:29.992681749Z,385
2025-06-05T06:51:59.306761911Z,386
2025-06-05T06:52:43.969969815Z,389
2025-06-05T06:53:28.633405509Z,388
2025-06-05T06:54:13.282597441Z,384
2025-06-05T06:54:57.926942061Z,387
2025-06-05T06:55:42.592072367Z,386
2025-06-05T06:56:27.245169479Z,389
2025-06-05T06:57:11.904548518Z,388
2025-06-05T06:57:56.582480159Z,387
2025-06-05T06:58:41.23067846Z,385
2025-06-05T06:59:25.897915976Z,389
2025-06-05T07:00:10.559447744Z,388
2025-06-05T07:00:55.202612369Z,385
2025-06-05T07:01:39.856589791Z,387
2025-06-05T07:02:24.522369815Z,388
2025-06-05T07:03:53.784445169Z,385
2025-06-05T07:04:38.421748302Z,388
2025-06-05T07:05:23.076361617Z,387
2025-06-05T07:06:52.353836161Z,389
2025-06-05T07:07:37.021644813Z,388
2025-06-05T07:08:21.69378832Z,392
2025-06-05T07:09:06.366383959Z,390
2025-06-05T07:09:51.015814358Z,384
2025-06-05T07:10:35.679551293Z,387
2025-06-05T07:11:20.346631937Z,385
2025-06-05T07:12:04.97934865Z,389
2025-06-05T07:12:49.629192019Z,387
2025-06-05T07:13:34.285429625Z,384
2025-06-05T07:15:03.586132204Z,386
2025-06-05T07:15:48.244219361Z,389
2025-06-05T07:16:32.919992347Z,395
2025-06-05T07:17:17.572865431Z,388
2025-06-05T07:18:02.211150444Z,384
2025-06-05T07:18:46.852342375Z,386
2025-06-05T07:19:31.52081292Z,388
2025-06-05T07:21:00.845039867Z,389
2025-06-05T07:21:45.497896881Z,386
2025-06-05T07:22:30.158002988Z,385
2025-06-05T07:23:14.827749577Z,388
2025-06-05T07:23:59.48725341Z,389
2025-06-05T07:24:44.111631267Z,385
2025-06-05T07:25:28.78215142Z,392
2025-06-05T07:26:13.450919403Z,384
2025-06-05T07:26:58.110236268Z,386
2025-06-05T07:27:42.748803888Z,384
2025-06-05T07:28:27.415029376Z,395
2025-06-05T07:29:12.078430212Z,389
2025-06-05T07:29:56.726034048Z,387
2025-06-05T07:30:41.387531855Z,389
2025-06-05T07:31:26.050418672Z,388
2025-06-05T07:32:10.705874096Z,395
2025-06-05T07:32:55.356174651Z,384
2025-06-05T07:34:24.668460546Z,386
2025-06-05T07:35:09.337827833Z,387
2025-06-05T07:35:53.982139531Z,385
2025-06-05T07:36:38.631177794Z,386
2025-06-05T07:37:23.286212966Z,385
2025-06-05T07:38:07.953470255Z,387
2025-06-05T07:38:52.614585269Z,390
2025-06-05T07:39:37.279803259Z,387
2025-06-05T07:40:21.933146019Z,386
2025-06-05T07:41:06.610672172Z,384
2025-06-05T07:41:51.25883634Z,385
2025-06-05T07:42:35.926274805Z,386
2025-06-05T07:43:20.564040045Z,385
2025-06-05T07:44:05.239074314Z,388
2025-06-05T07:44:49.894404486Z,386
2025-06-05T07:45:34.560192859Z,383
2025-06-05T07:46:19.215468755Z,384
2025-06-05T07:47:03.878681128Z,388
2025-06-05T07:47:48.54288215Z,386
2025-06-05T07:48:33.209737136Z,385
2025-06-05T07:49:17.867593799Z,389
2025-06-05T07:50:02.542877628Z,391
2025-06-05T07:50:47.193085894Z,384
2025-06-05T07:51:31.817992257Z,385
2025-06-05T07:53:01.12373543Z,389
2025-06-05T07:53:45.783570775Z,384
2025-06-05T07:54:30.433641769Z,387
2025-06-05T07:55:15.107250693Z,389
2025-06-05T07:55:59.762233342Z,391
2025-06-05T07:56:44.409294352Z,388
2025-06-05T07:57:29.083591707Z,387
2025-06-05T07:58:13.749660656Z,384
2025-06-05T07:58:58.404011399Z,387
2025-06-05T07:59:43.056873779Z,385
2025-06-05T08:00:27.726672789Z,388
2025-06-05T08:01:12.396779501Z,386
2025-06-05T08:01:57.064011938Z,389
2025-06-05T08:02:41.715548617Z,387
2025-06-05T08:04:11.002371327Z,388
2025-06-05T08:04:55.665655553Z,389
2025-06-05T08:05:40.315631661Z,386
2025-06-05T08:06:24.975528544Z,387
2025-06-05T08:07:09.653565267Z,388
2025-06-05T08:07:54.320650065Z,393
2025-06-05T08:08:38.981598842Z,387
2025-06-05T08:09:23.636986907Z,386
2025-06-05T08:10:52.954724549Z,385
2025-06-05T08:12:22.265332926Z,391
2025-06-05T08:13:06.939930766Z,384
2025-06-05T08:13:51.616546071Z,387
2025-06-05T08:14:36.251809762Z,389
2025-06-05T08:15:20.901065617Z,384
2025-06-05T08:16:05.570025255Z,388
2025-06-05T08:16:50.240023617Z,393
2025-06-05T08:17:34.902298509Z,386
2025-06-05T08:18:19.55665916Z,387
2025-06-05T08:19:04.22616726Z,388
2025-06-05T08:20:33.532093008Z,385
2025-06-05T08:21:18.190535602Z,388
2025-06-05T08:22:02.841875236Z,386
2025-06-05T08:22:47.494983485Z,388
2025-06-05T08:23:32.159828993Z,393
2025-06-05T08:24:16.826182368Z,388
2025-06-05T08:25:01.496047311Z,385
2025-06-05T08:25:46.147520392Z,386
2025-06-05T08:26:30.811094663Z,385
2025-06-05T08:28:00.100465315Z,387
2025-06-05T08:28:44.745937204Z,388
2025-06-05T08:29:29.390127973Z,384
2025-06-05T08:30:14.042676546Z,385
2025-06-05T08:30:58.689172929Z,387
2025-06-05T08:31:43.49663854Z,386
2025-06-05T08:32:28.16164766Z,384
2025-06-05T08:33:12.812323955Z,385
2025-06-05T08:33:57.507243519Z,384
2025-06-05T08:34:42.149084209Z,386
2025-06-05T08:35:26.802198907Z,387
2025-06-05T08:36:11.449071407Z,384
2025-06-05T08:36:56.122411984Z,387
2025-06-05T08:37:40.795572372Z,385
2025-06-05T08:39:10.115688768Z,386
2025-06-05T08:39:54.790275995Z,388
2025-06-05T08:40:39.457418299Z,393
2025-06-05T08:41:24.11898269Z,384
2025-06-05T08:42:53.413037009Z,386
2025-06-05T08:43:38.064644192Z,384
2025-06-05T08:44:22.693247792Z,387
2025-06-05T08:45:07.352376128Z,385
2025-06-05T08:45:52.007224277Z,387
2025-06-05T08:46:36.659060369Z,384
2025-06-05T08:47:21.32294812Z,389
2025-06-05T08:48:05.956004676Z,384
2025-06-05T08:50:19.879875125Z,385
2025-06-05T08:51:04.545884614Z,387
2025-06-05T08:51:49.216467121Z,394
2025-06-05T08:52:33.886223149Z,387
2025-06-05T08:54:03.183700604Z,389
2025-06-05T08:54:47.838557546Z,385
2025-06-05T08:55:32.502549084Z,386
2025-06-05T08:56:17.167873937Z,388
2025-06-05T08:57:01.842519807Z,386
2025-06-05T08:57:46.505486666Z,387
2025-06-05T08:58:31.182886843Z,391
2025-06-05T08:59:15.841140806Z,389
2025-06-05T09:00:00.49039188Z,392
2025-06-05T09:00:45.143242405Z,389
2025-06-05T09:01:29.791337623Z,387
2025-06-05T09:02:14.41725695Z,386
2025-06-05T09:03:43.737004813Z,385
2025-06-05T09:04:28.384368695Z,386
2025-06-05T09:05:13.044260748Z,390
2025-06-05T09:05:57.706454084Z,386
2025-06-05T09:07:27.020487566Z,385
2025-06-05T09:08:11.729410694Z,395
2025-06-05T09:08:56.351133301Z,387
2025-06-05T09:09:41.023734488Z,394
2025-06-05T09:10:25.712182058Z,392
2025-06-05T09:11:10.358269878Z,395
2025-06-05T09:11:55.016514874Z,385
2025-06-05T09:13:24.327002434Z,392
2025-06-05T09:14:08.992197534Z,384
2025-06-05T09:14:53.652940774Z,385
2025-06-05T09:15:38.33516007Z,392
2025-06-05T09:16:22.971707658Z,394
2025-06-05T09:17:07.634480172Z,385
2025-06-05T09:17:52.271597917Z,384
2025-06-05T09:18:36.920694963Z,385
2025-06-05T09:20:50.863170551Z,384
2025-06-05T09:21:35.531914263Z,395
2025-06-05T09:22:20.186710674Z,384
2025-06-05T09:23:04.831529115Z,392
2025-06-05T09:23:49.492626493Z,383
2025-06-05T09:24:34.159565856Z,387
2025-06-05T09:25:18.828560955Z,386
2025-06-05T09:26:03.485136858Z,384
2025-06-05T09:26:48.15798002Z,382
2025-06-05T09:27:32.82378246Z,385
2025-06-05T09:28:17.47511487Z,390
2025-06-05T09:29:02.128923538Z,383
2025-06-05T09:29:46.791514582Z,388
2025-06-05T09:30:31.432000021Z,384
2025-06-05T09:31:16.088560251Z,386
2025-06-05T09:32:00.74145691Z,388
2025-06-05T09:32:45.407831656Z,384
2025-06-05T09:33:30.057001481Z,386
2025-06-05T09:34:14.719880977Z,384
2025-06-05T09:34:59.37923188Z,386
2025-06-05T09:35:44.041065449Z,385
2025-06-05T09:37:13.373435559Z,393
2025-06-05T09:37:58.004525483Z,390
2025-06-05T09:38:42.669706694Z,387
2025-06-05T09:39:27.319933674Z,388
2025-06-05T09:40:11.977852644Z,393
2025-06-05T09:40:56.637014531Z,385
2025-06-05T09:43:55.224679299Z,384
2025-06-05T09:44:39.882614172Z,386
2025-06-05T09:46:09.200799604Z,388
2025-06-05T09:46:53.859098914Z,385
2025-06-05T09:47:38.524536238Z,387
2025-06-05T09:49:07.840071331Z,385
2025-06-05T09:49:52.512573005Z,384
2025-06-05T09:50:37.169483006Z,386
2025-06-05T09:51:21.837797707Z,387
2025-06-05T09:52:06.508881753Z,385
2025-06-05T09:52:51.167501726Z,387
2025-06-05T09:53:35.804648328Z,384
2025-06-05T09:54:20.46071341Z,387
2025-06-05T09:55:05.127663593Z,385
2025-06-05T09:55:49.79660226Z,384
2025-06-05T09:56:34.452316606Z,385
2025-06-05T09:57:19.115601909Z,392
2025-06-05T09:58:03.792514802Z,385
2025-06-05T09:58:48.453332154Z,386
2025-06-05T09:59:33.099697831Z,384
2025-06-05T10:00:17.773335444Z,388
2025-06-05T10:01:02.423099401Z,386
2025-06-05T10:02:31.707971712Z,384
2025-06-05T10:03:16.361087092Z,387
2025-06-05T10:04:01.02130924Z,384
2025-06-05T10:06:59.533111544Z,392
2025-06-05T10:07:44.190920266Z,386
2025-06-05T10:08:28.814608726Z,383
2025-06-05T10:09:13.457806482Z,386
2025-06-05T10:09:58.110726138Z,387
2025-06-05T10:10:42.769661179Z,384
2025-06-05T10:12:12.033280378Z,385
2025-06-05T10:12:56.6930353Z,386
2025-06-05T10:13:41.338241459Z,384
2025-06-05T10:14:26.005544502Z,386
2025-06-05T10:15:10.642388189Z,394
2025-06-05T10:15:55.313094138Z,386
2025-06-05T10:16:39.980666531Z,385
2025-06-05T10:17:24.707979016Z,388
2025-06-05T10:18:09.280630949Z,389
2025-06-05T10:18:53.946339978Z,387
2025-06-05T10:19:38.607483607Z,390
2025-06-05T10:20:23.254142291Z,385
2025-06-05T10:21:07.9208201Z,393
2025-06-05T10:21:52.587129916Z,386
2025-06-05T10:22:37.231244169Z,384
2025-06-05T10:23:21.882513072Z,387
2025-06-05T10:24:51.171801341Z,392
2025-06-05T10:25:35.830091169Z,386
2025-06-05T10:27:05.094456757Z,384
2025-06-05T10:27:49.734371199Z,388
2025-06-05T10:28:34.397184035Z,387
2025-06-05T10:29:19.044623205Z,385
2025-06-05T10:30:03.70898772Z,387
2025-06-05T10:30:48.368809812Z,384
2025-06-05T10:31:33.018551952Z,388
2025-06-05T10:32:17.682793825Z,386
2025-06-05T10:33:02.338580322Z,384
2025-06-05T10:33:47.006938966Z,385
2025-06-05T10:34:31.648282712Z,386
2025-06-05T10:35:16.300598432Z,382
2025-06-05T10:36:00.95068791Z,387
2025-06-05T10:38:59.559498832Z,384
2025-06-05T10:39:44.201716987Z,386
2025-06-05T10:40:28.840362418Z,393
2025-06-05T10:41:13.500953594Z,387
2025-06-05T10:43:27.463522747Z,384
2025-06-05T10:44:56.748702841Z,385
2025-06-05T10:45:41.419949314Z,386
2025-06-05T10:46:26.0518317Z,390
2025-06-05T10:47:10.702695516Z,385
2025-06-05T10:47:55.352740517Z,386
2025-06-05T10:48:40.005527164Z,385
2025-06-05T10:49:24.66823165Z,392
2025-06-05T10:50:09.332912375Z,388
2025-06-05T10:50:53.996126345Z,383
2025-06-05T10:51:38.674784674Z,384
2025-06-05T10:52:23.348790473Z,391
2025-06-05T10:53:08.065911345Z,384
2025-06-05T10:53:52.699995533Z,387
2025-06-05T10:54:37.344658418Z,389
2025-06-05T10:55:22.00972225Z,384
2025-06-05T10:56:51.308959926Z,386
2025-06-05T10:57:35.950698186Z,383
2025-06-05T10:58:20.622240245Z,391
2025-06-05T10:59:05.278584633Z,385
2025-06-05T10:59:49.947930436Z,387
2025-06-05T11:00:34.591012161Z,390
2025-06-05T11:01:19.24006012Z,384
2025-06-05T11:02:03.9181708Z,382
2025-06-05T11:02:48.564431595Z,387
2025-06-05T11:04:17.869207654Z,384
2025-06-05T11:05:02.511770103Z,386
2025-06-05T11:05:47.148664719Z,394
2025-06-05T11:06:31.805907607Z,383
2025-06-05T11:07:16.456908643Z,387
2025-06-05T11:08:01.088821287Z,391
2025-06-05T11:08:45.752585992Z,387
2025-06-05T11:09:30.403512293Z,384
2025-06-05T11:10:15.074371798Z,388
2025-06-05T11:10:59.733117351Z,390
2025-06-05T11:11:44.380557983Z,384
2025-06-05T11:12:29.034367609Z,385
2025-06-05T11:13:13.669701071Z,387
2025-06-05T11:14:43.00076127Z,385
2025-06-05T11:15:27.67972896Z,384
2025-06-05T11:16:12.33998179Z,386
2025-06-05T11:16:57.013653711Z,392
2025-06-05T11:17:41.686080026Z,388
2025-06-05T11:18:26.345977491Z,389
2025-06-05T11:19:11.005146164Z,384
2025-06-05T11:19:55.67373362Z,391
2025-06-05T11:20:40.340274349Z,383
2025-06-05T11:21:25.006605212Z,384
2025-06-05T11:22:09.670067463Z,385
2025-06-05T11:22:54.324989901Z,384
2025-06-05T11:23:38.972669669Z,389
2025-06-05T11:24:23.630115039Z,386
2025-06-05T11:25:08.279060231Z,395
2025-06-05T11:25:52.927096491Z,392
2025-06-05T11:26:37.600766137Z,388
2025-06-05T11:27:22.271605948Z,387
2025-06-05T11:28:06.947801697Z,386
2025-06-05T11:28:51.615372994Z,384
2025-06-05T11:29:36.290991735Z,386
2025-06-05T11:30:20.941361766Z,384
2025-06-05T11:31:50.247155113Z,387
2025-06-05T11:33:19.568896245Z,388
2025-06-05T11:34:04.235827443Z,394
2025-06-05T11:34:48.904010221Z,385
2025-06-05T11:35:33.595456642Z,391
2025-06-05T11:36:18.219551504Z,384
2025-06-05T11:37:02.868866463Z,385
2025-06-05T11:37:47.537383258Z,390
2025-06-05T11:38:32.212754707Z,385
2025-06-05T11:39:16.884815178Z,390
2025-06-05T11:40:01.557381321Z,383
2025-06-05T11:40:46.225843963Z,387
2025-06-05T11:41:30.881490089Z,383
2025-06-05T11:42:15.555945989Z,387
2025-06-05T11:43:00.204897546Z,388
2025-06-05T11:43:44.8349401Z,386
2025-06-05T11:45:14.145031213Z,391
2025-06-05T11:45:58.796094031Z,381
2025-06-05T11:46:43.464439097Z,393
2025-06-05T11:47:28.15353389Z,388
2025-06-05T11:48:12.815136359Z,387
2025-06-05T11:48:57.464992834Z,386
2025-06-05T11:49:42.130980565Z,395
2025-06-05T11:50:26.810841095Z,390
2025-06-05T11:51:11.483528717Z,389
2025-06-05T11:51:56.126051155Z,385
2025-06-05T11:52:40.798564904Z,384
2025-06-05T11:53:25.467718336Z,390
2025-06-05T11:54:10.122573467Z,388
2025-06-05T11:54:54.78884105Z,387
2025-06-05T11:56:24.105853111Z,393
2025-06-05T11:57:08.776162348Z,387
2025-06-05T11:57:53.439636272Z,383
2025-06-05T11:58:38.101630357Z,392
2025-06-05T11:59:22.771837401Z,387
2025-06-05T12:00:07.427102505Z,385
2025-06-05T12:00:52.09270879Z,383
2025-06-05T12:01:36.760248379Z,387
2025-06-05T12:02:21.402949035Z,391
2025-06-05T12:03:06.07389562Z,385
2025-06-05T12:03:50.718488449Z,390
2025-06-05T12:04:35.365376752Z,391
2025-06-05T12:05:20.038461425Z,386
2025-06-05T12:06:04.701305378Z,383
2025-06-05T12:06:49.354863949Z,393
2025-06-05T12:07:34.025348697Z,385
2025-06-05T12:08:18.685939043Z,383
2025-06-05T12:09:03.353161324Z,384
2025-06-05T12:09:48.007032151Z,394
2025-06-05T12:10:32.667168592Z,387
2025-06-05T12:12:01.978489563Z,383
2025-06-05T12:12:46.615848514Z,387
2025-06-05T12:14:15.892442267Z,390
2025-06-05T12:15:00.567991119Z,384
2025-06-05T12:15:45.235530503Z,389
2025-06-05T12:16:29.898308152Z,384
2025-06-05T12:17:14.569247255Z,385
2025-06-05T12:17:59.242955397Z,390
2025-06-05T12:18:43.877262381Z,387
2025-06-05T12:19:28.512308815Z,393
2025-06-05T12:20:13.20927238Z,388
2025-06-05T12:20:57.854455108Z,387
2025-06-05T12:21:42.489178477Z,385
2025-06-05T12:22:27.125096801Z,392
2025-06-05T12:23:11.794289152Z,385
2025-06-05T12:23:56.466334381Z,386
2025-06-05T12:25:25.743341088Z,384
2025-06-05T12:26:10.409188101Z,385
2025-06-05T12:26:55.074935076Z,386
2025-06-05T12:27:39.721122644Z,388
2025-06-05T12:28:24.363571387Z,383
2025-06-05T12:29:09.037420305Z,393
2025-06-05T12:29:53.704415687Z,385
2025-06-05T12:30:38.353439608Z,386
2025-06-05T12:31:23.028961209Z,387
2025-06-05T12:32:52.338238394Z,388
2025-06-05T12:33:36.988032748Z,387
2025-06-05T12:34:21.635370062Z,384
2025-06-05T12:35:50.934002572Z,382
2025-06-05T12:36:35.603172463Z,388
2025-06-05T12:37:20.244440492Z,386
2025-06-05T12:38:04.907383322Z,385
2025-06-05T12:38:49.572279083Z,388
2025-06-05T12:40:18.856028522Z,385
2025-06-05T12:41:03.506713384Z,386
2025-06-05T12:41:48.157314427Z,385
2025-06-05T12:42:32.80163028Z,386
2025-06-05T12:43:17.437146023Z,382
2025-06-05T12:44:02.086421878Z,386
2025-06-05T12:45:31.364483153Z,394
2025-06-05T12:46:16.023597208Z,387
2025-06-05T12:47:00.69617026Z,388
2025-06-05T12:47:45.345846019Z,384
2025-06-05T12:48:29.975179742Z,388
2025-06-05T12:49:59.251822826Z,383
2025-06-05T12:50:43.921870933Z,387
2025-06-05T12:51:28.57759778Z,385
2025-06-05T12:52:13.227746169Z,383
2025-06-05T12:52:57.878532219Z,393
2025-06-05T12:53:42.529514451Z,386
2025-06-05T12:54:27.176064375Z,385
2025-06-05T12:55:11.802181576Z,389
2025-06-05T12:55:56.470120283Z,386
2025-06-05T12:56:41.117314782Z,384
2025-06-05T12:57:25.746037943Z,385
2025-06-05T12:58:10.401771129Z,384
2025-06-05T12:58:55.063859577Z,387
2025-06-05T12:59:39.732357511Z,386
2025-06-05T13:00:24.389935999Z,382
2025-06-05T13:01:09.053168997Z,385
2025-06-05T13:01:53.714867402Z,384
2025-06-05T13:03:23.025371096Z,387
2025-06-05T13:04:07.693964379Z,385
2025-06-05T13:04:52.349979664Z,386
2025-06-05T13:05:37.03492092Z,385
2025-06-05T13:06:21.660069153Z,387
2025-06-05T13:07:06.320320204Z,392
2025-06-05T13:07:50.990355441Z,381
2025-06-05T13:08:35.63532796Z,385
2025-06-05T13:11:34.203987479Z,387
2025-06-05T13:12:18.850404642Z,383
2025-06-05T13:13:03.505528004Z,386
2025-06-05T13:13:48.141385026Z,383
2025-06-05T13:14:32.794096593Z,387
2025-06-05T13:15:17.450013492Z,384
2025-06-05T13:16:02.113154853Z,385
2025-06-05T13:17:31.432701716Z,382
2025-06-05T13:18:16.097876812Z,389
2025-06-05T13:19:00.718924386Z,383
2025-06-05T13:19:45.352336754Z,387
2025-06-05T13:20:29.987363121Z,384
2025-06-05T13:22:43.916673671Z,388
2025-06-05T13:23:28.567055947Z,385
2025-06-05T13:24:13.208747361Z,387
2025-06-05T13:24:57.854653561Z,392
2025-06-05T13:25:42.502344542Z,387
2025-06-05T13:26:27.150708077Z,391
2025-06-05T13:27:11.785669431Z,387
2025-06-05T13:27:56.428810206Z,383
2025-06-05T13:28:41.08078056Z,384
2025-06-05T13:29:25.719829058Z,387
2025-06-05T13:30:54.998561108Z,385
2025-06-05T13:31:39.651383527Z,384
2025-06-05T13:32:24.293157364Z,386
2025-06-05T13:33:08.940213235Z,384
2025-06-05T13:34:38.215520672Z,382
2025-06-05T13:35:22.870038088Z,387
2025-06-05T13:36:07.501125283Z,386
2025-06-05T13:36:52.152600587Z,387
2025-06-05T13:37:36.821412248Z,385
2025-06-05T13:38:21.485044844Z,382
2025-06-05T13:39:06.144689265Z,385
2025-06-05T13:40:35.436595403Z,386
2025-06-05T13:42:49.350842221Z,394
2025-06-05T13:43:33.985923457Z,385
2025-06-05T13:45:03.279799742Z,386
2025-06-05T13:46:32.598974545Z,387
2025-06-05T13:48:46.506175067Z,386
2025-06-05T13:49:31.138238604Z,388
2025-06-05T13:50:15.790130589Z,384
2025-06-05T13:51:00.455778357Z,383
2025-06-05T13:51:45.083876827Z,391
2025-06-05T13:52:29.753198974Z,385
2025-06-05T13:53:59.070162026Z,384
2025-06-05T13:54:43.729375949Z,385
2025-06-05T13:55:28.402320542Z,388
2025-06-05T13:56:13.068158694Z,386
2025-06-05T13:56:57.707444452Z,385
2025-06-05T13:57:42.361362582Z,384
2025-06-05T13:58:27.027135554Z,386
2025-06-05T13:59:11.708294103Z,385
2025-06-05T13:59:56.373014889Z,389
2025-06-05T14:00:41.002304956Z,393
2025-06-05T14:01:25.669440186Z,386
2025-06-05T14:03:39.611980821Z,388
2025-06-05T14:04:24.285017855Z,385
2025-06-05T14:05:08.950905404Z,384
2025-06-05T14:05:53.598772942Z,386
2025-06-05T14:06:38.258747763Z,383
2025-06-05T14:07:22.932875104Z,384
2025-06-05T14:08:07.581130941Z,388
2025-06-05T14:08:52.246498393Z,384
2025-06-05T14:09:36.904943656Z,382
2025-06-05T14:10:21.571519352Z,387
2025-06-05T14:11:06.240784234Z,385
2025-06-05T14:11:50.898843282Z,386
2025-06-05T14:12:35.549971628Z,385
2025-06-05T14:13:20.215055118Z,384
2025-06-05T14:14:04.865238908Z,386
2025-06-05T14:14:49.510185601Z,387
2025-06-05T14:15:34.171651161Z,386
2025-06-05T14:16:18.842400469Z,387
2025-06-05T14:17:03.492424601Z,386
2025-06-05T14:17:48.162377251Z,383
2025-06-05T14:19:17.471380731Z,386
2025-06-05T14:20:46.77543341Z,392
2025-06-05T14:21:31.423205726Z,394
2025-06-05T14:22:16.091702319Z,386
2025-06-05T14:23:00.761292829Z,384
2025-06-05T14:23:45.396660339Z,383
2025-06-05T14:24:30.057542522Z,388
2025-06-05T14:25:14.727002218Z,382
2025-06-05T14:26:44.017755889Z,386
2025-06-05T14:27:28.677005192Z,385
2025-06-05T14:28:13.350514659Z,388
2025-06-05T14:28:57.997690074Z,383
2025-06-05T14:29:42.642313651Z,388
2025-06-05T14:30:27.301598145Z,385
2025-06-05T14:31:11.939232276Z,384
2025-06-05T14:32:41.246577224Z,389
2025-06-05T14:33:25.874067542Z,384
2025-06-05T14:34:10.538838634Z,385
2025-06-05T14:34:55.203276269Z,386
2025-06-05T14:35:39.846494557Z,388
2025-06-05T14:36:24.493564879Z,386
2025-06-05T14:37:09.166296716Z,392
2025-06-05T14:37:53.819580822Z,386
2025-06-05T14:39:23.120608311Z,387
2025-06-05T14:40:07.790237161Z,385
2025-06-05T14:40:52.446233628Z,388
2025-06-05T14:41:37.105082248Z,385
2025-06-05T14:43:06.394520102Z,391
2025-06-05T14:43:51.055263327Z,386
2025-06-05T14:44:35.699264874Z,384
2025-06-05T14:46:04.989274392Z,391
2025-06-05T14:46:49.644205477Z,387
2025-06-05T14:48:18.929292651Z,383
2025-06-05T14:49:03.575540511Z,385
2025-06-05T14:49:48.247700556Z,386
2025-06-05T14:50:32.893863256Z,387
2025-06-05T14:51:17.555790242Z,384
2025-06-05T14:52:02.220820909Z,387
2025-06-05T14:52:46.901481336Z,385
2025-06-05T14:53:31.5379433Z,387
2025-06-05T14:55:00.849507795Z,389
2025-06-05T14:55:45.484101053Z,387
2025-06-05T14:56:30.124788635Z,385
2025-06-05T14:57:14.783187377Z,389
2025-06-05T14:57:59.453464691Z,387
2025-06-05T14:58:44.088263575Z,389
2025-06-05T14:59:28.735891144Z,386
2025-06-05T15:00:13.39299962Z,385
2025-06-05T15:00:58.028069787Z,387
2025-06-05T15:01:42.656465479Z,388
2025-06-05T15:02:27.289011084Z,384
2025-06-05T15:03:11.914729775Z,387
2025-06-05T15:03:56.582525969Z,385
2025-06-05T15:04:41.246329485Z,384
2025-06-05T15:05:25.912459998Z,385
2025-06-05T15:06:55.193486991Z,394
2025-06-05T15:07:39.842216465Z,383
2025-06-05T15:08:24.479244312Z,384
2025-06-05T15:09:09.13943878Z,394
2025-06-05T15:09:53.764768407Z,385
2025-06-05T15:10:38.429262286Z,387
2025-06-05T15:11:23.059306354Z,386
2025-06-05T15:12:07.693710396Z,384
2025-06-05T15:12:52.34982078Z,385
2025-06-05T15:13:36.999306181Z,383
2025-06-05T15:14:21.642312056Z,382
2025-06-05T15:15:06.30192442Z,384
2025-06-05T15:15:50.962897566Z,393
2025-06-05T15:16:35.629321427Z,383
2025-06-05T15:17:20.256870745Z,387
2025-06-05T15:18:04.919285578Z,385
2025-06-05T15:18:49.579408105Z,384
2025-06-05T15:19:34.243739556Z,387
2025-06-05T15:20:18.884666544Z,385
2025-06-05T15:21:03.54459552Z,384
2025-06-05T15:22:32.85114354Z,388
2025-06-05T15:23:17.503786753Z,387
2025-06-05T15:24:02.170142567Z,386
2025-06-05T15:24:46.843337384Z,387
2025-06-05T15:25:31.50609401Z,385
2025-06-05T15:26:16.173172173Z,384
2025-06-05T15:27:00.816248384Z,387
2025-06-05T15:27:45.458846398Z,384
2025-06-05T15:28:30.12474222Z,386
2025-06-05T15:29:14.785053988Z,383
2025-06-05T15:29:59.444334084Z,385
2025-06-05T15:30:44.092648607Z,384
2025-06-05T15:31:28.750275397Z,388
2025-06-05T15:32:13.434752156Z,387
2025-06-05T15:33:42.706209905Z,386
2025-06-05T15:34:27.360599411Z,388
2025-06-05T15:35:12.008672089Z,392
2025-06-05T15:35:56.66164991Z,384
2025-06-05T15:36:41.293695303Z,383
2025-06-05T15:37:25.941136528Z,386
2025-06-05T15:38:10.571421978Z,385
2025-06-05T15:38:55.235449019Z,386
2025-06-05T15:39:39.870214729Z,388
2025-06-05T15:40:24.530346702Z,386
2025-06-05T15:41:53.796183054Z,384
2025-06-05T15:42:38.452547786Z,387
2025-06-05T15:43:23.105425935Z,386
2025-06-05T15:44:52.363905397Z,388
2025-06-05T15:45:37.024577472Z,385
2025-06-05T15:46:21.685683379Z,393
2025-06-05T15:47:06.325383371Z,387
2025-06-05T15:48:35.596050621Z,383
2025-06-05T15:49:20.253152176Z,384
2025-06-05T15:50:04.908530265Z,387
2025-06-05T15:50:49.548416301Z,386
2025-06-05T15:52:18.844399504Z,387
2025-06-05T15:53:03.489290275Z,386
2025-06-05T15:53:48.145493157Z,387
2025-06-05T15:54:32.804708126Z,390
2025-06-05T15:55:17.449133812Z,392
2025-06-05T15:56:02.096740008Z,393
2025-06-05T15:56:46.729125031Z,386
2025-06-05T15:57:31.391508118Z,392
2025-06-05T15:58:16.051570197Z,384
2025-06-05T15:59:00.696910603Z,385
2025-06-05T15:59:45.353991936Z,386
2025-06-05T16:01:14.622612817Z,382
2025-06-05T16:01:59.266164174Z,393
2025-06-05T16:02:43.919994639Z,383
2025-06-05T16:03:28.576895858Z,386
2025-06-05T16:04:13.239804011Z,385
2025-06-05T16:04:57.90525766Z,387
2025-06-05T16:05:42.560024419Z,388
2025-06-05T16:06:27.227300064Z,387
2025-06-05T16:07:11.891032369Z,384
2025-06-05T16:07:56.558394469Z,385
2025-06-05T16:09:25.829677268Z,384
2025-06-05T16:10:10.479486664Z,385
2025-06-05T16:10:55.142058056Z,388
2025-06-05T16:11:39.799399068Z,383
2025-06-05T16:12:24.456533087Z,386
2025-06-05T16:13:09.103170009Z,384
2025-06-05T16:13:53.73232533Z,386
2025-06-05T16:14:38.382265106Z,385
2025-06-05T16:15:23.05433076Z,386
2025-06-05T16:16:07.704082779Z,387
2025-06-05T16:16:52.347091986Z,384
2025-06-05T16:18:21.665018073Z,388
2025-06-05T16:19:06.336831623Z,384
2025-06-05T16:19:51.004623712Z,392
2025-06-05T16:20:35.630722143Z,384
2025-06-05T16:21:20.302166622Z,387
2025-06-05T16:22:49.602736123Z,384
2025-06-05T16:23:34.245028962Z,383
2025-06-05T16:24:18.896779086Z,384
2025-06-05T16:25:03.53485132Z,388
2025-06-05T16:25:48.18924289Z,385
2025-06-05T16:26:32.844405769Z,384
2025-06-05T16:27:17.503048995Z,386
2025-06-05T16:28:02.167683582Z,385
2025-06-05T16:29:31.434738998Z,387
2025-06-05T16:30:16.07079673Z,385
2025-06-05T16:31:45.371325975Z,387
2025-06-05T16:32:30.043161982Z,383
2025-06-05T16:33:14.7042765Z,384
2025-06-05T16:34:43.971985808Z,387
2025-06-05T16:35:28.591489607Z,384
2025-06-05T16:36:13.29320695Z,387
2025-06-05T16:36:57.933713821Z,384
2025-06-05T16:38:27.204998974Z,385
2025-06-05T16:39:56.490765554Z,386
2025-06-05T16:40:41.134995971Z,383
2025-06-05T16:41:25.775106843Z,384
2025-06-05T16:42:10.422742704Z,382
2025-06-05T16:42:55.082933579Z,384
2025-06-05T16:43:39.712157501Z,387
2025-06-05T16:44:24.359467412Z,382
2025-06-05T16:45:09.030180683Z,385
2025-06-05T16:45:53.699098633Z,387
2025-06-05T16:47:22.959149513Z,385
2025-06-05T16:48:07.595831487Z,386
2025-06-05T16:49:36.902802294Z,383
2025-06-05T16:50:21.555433483Z,386
2025-06-05T16:51:06.189721945Z,383
2025-06-05T16:51:50.861950625Z,385
2025-06-05T16:52:35.509345031Z,383
2025-06-05T16:53:20.152634478Z,387
2025-06-05T16:54:04.821688668Z,383
2025-06-05T16:54:49.453825748Z,390
2025-06-05T16:55:34.100534742Z,384
2025-06-05T16:57:03.403372853Z,385
2025-06-05T16:57:48.064944031Z,384
2025-06-05T16:58:32.72865773Z,385
2025-06-05T16:59:17.388006184Z,394
2025-06-05T17:00:02.019510467Z,385
2025-06-05T17:00:46.687451239Z,393
2025-06-05T17:01:31.343903873Z,384
2025-06-05T17:02:15.97539868Z,392
2025-06-05T17:03:00.654760021Z,384
2025-06-05T17:03:45.252711292Z,386
2025-06-05T17:05:14.539536931Z,383
2025-06-05T17:06:43.855470521Z,385
2025-06-05T17:07:28.512090454Z,386
2025-06-05T17:08:57.808519159Z,396
2025-06-05T17:09:42.454774068Z,390
2025-06-05T17:10:27.09179276Z,392
2025-06-05T17:11:11.718871879Z,387
2025-06-05T17:11:56.379132103Z,386
2025-06-05T17:12:41.042622719Z,391
2025-06-05T17:13:25.661665809Z,383
2025-06-05T17:14:10.322927785Z,387
2025-06-05T17:14:54.989541701Z,386
2025-06-05T17:15:39.655068204Z,385
2025-06-05T17:16:24.302318279Z,384
2025-06-05T17:17:08.967318902Z,385
2025-06-05T17:19:22.90653261Z,384
2025-06-05T17:20:07.555789563Z,387
2025-06-05T17:20:52.254195105Z,384
2025-06-05T17:21:36.885955191Z,383
2025-06-05T17:22:21.546758335Z,382
2025-06-05T17:23:06.192642672Z,391
2025-06-05T17:23:50.855399441Z,384
2025-06-05T17:24:35.528531943Z,385
2025-06-05T17:25:20.192452922Z,384
2025-06-05T17:26:04.839610619Z,383
2025-06-05T17:26:49.506709357Z,384
2025-06-05T17:27:34.155514218Z,387
2025-06-05T17:28:18.816424436Z,386
2025-06-05T17:29:48.125740822Z,383
2025-06-05T17:31:17.394957733Z,387
2025-06-05T17:32:02.057005163Z,392
2025-06-05T17:32:46.717527619Z,382
2025-06-05T17:33:31.353918542Z,390
2025-06-05T17:34:15.996537287Z,393
2025-06-05T17:35:00.658819656Z,385
2025-06-05T17:35:45.331390391Z,388
2025-06-05T17:36:29.982657396Z,384
2025-06-05T17:37:14.635281467Z,385
2025-06-05T17:37:59.29494884Z,383
2025-06-05T17:38:43.966845124Z,387
2025-06-05T17:39:28.600066955Z,382
2025-06-05T17:40:13.232425145Z,384
2025-06-05T17:43:56.442072633Z,383
2025-06-05T17:44:41.088242261Z,386
2025-06-05T17:45:25.752742646Z,385
2025-06-05T17:46:55.017370094Z,384
2025-06-05T17:47:39.668939022Z,385
2025-06-05T17:49:08.955175851Z,383
2025-06-05T17:50:38.209925395Z,385
2025-06-05T17:52:07.509156091Z,384
2025-06-05T17:52:52.157222392Z,387
2025-06-05T17:53:36.816252992Z,383
2025-06-05T17:54:21.468386864Z,390
2025-06-05T17:55:06.101633427Z,385
2025-06-05T17:55:50.73171259Z,386
2025-06-05T17:56:35.393472366Z,383
2025-06-05T17:57:20.038462063Z,384
2025-06-05T17:58:49.330516304Z,385
2025-06-05T17:59:33.979361308Z,382
2025-06-05T18:00:18.641841942Z,392
2025-06-05T18:01:03.296049049Z,383
2025-06-05T18:01:47.931832489Z,389
2025-06-05T18:02:32.594331864Z,386
2025-06-05T18:03:17.254812556Z,388
2025-06-05T18:04:01.892744124Z,386
2025-06-05T18:04:46.529986232Z,382
2025-06-05T18:05:31.178580561Z,392
2025-06-05T18:06:15.818622912Z,390
2025-06-05T18:07:00.460580503Z,393
2025-06-05T18:07:45.123207427Z,386
2025-06-05T18:08:29.785379757Z,384
2025-06-05T18:09:14.450977378Z,383
2025-06-05T18:10:43.71781535Z,388
2025-06-05T18:11:28.34394346Z,390
2025-06-05T18:12:13.006328297Z,384
2025-06-05T18:12:57.627186388Z,387
2025-06-05T18:13:42.29022228Z,385
2025-06-05T18:14:26.924944314Z,386
2025-06-05T18:15:11.574353196Z,383
2025-06-05T18:15:56.233209403Z,386
2025-06-05T18:16:40.891764499Z,384
2025-06-05T18:17:25.551668034Z,383
2025-06-05T18:18:10.217887176Z,384
2025-06-05T18:18:54.87518515Z,388
2025-06-05T18:19:39.522317579Z,387
2025-06-05T18:20:24.147844673Z,385
2025-06-05T18:21:53.407301371Z,384
2025-06-05T18:22:38.04832073Z,386
2025-06-05T18:23:22.678229955Z,384
2025-06-05T18:24:07.29529289Z,383
2025-06-05T18:24:51.91773336Z,384
2025-06-05T18:25:36.558537334Z,388
2025-06-05T18:27:05.868928228Z,382
2025-06-05T18:27:50.527555178Z,381
2025-06-05T18:28:35.190834484Z,386
2025-06-05T18:29:19.847777993Z,385
2025-06-05T18:30:49.130763622Z,384
2025-06-05T18:31:33.754915519Z,387
2025-06-05T18:33:03.012531595Z,384
2025-06-05T18:34:32.285885861Z,386
2025-06-05T18:35:16.939675629Z,384
2025-06-05T18:36:46.208048601Z,387
2025-06-05T18:39:00.095298481Z,384
2025-06-05T18:39:44.737173015Z,387
2025-06-05T18:40:29.401429392Z,386
2025-06-05T18:41:14.064348983Z,385
2025-06-05T18:42:43.376649693Z,386
2025-06-05T18:45:41.965476842Z,385
2025-06-05T18:46:26.60127755Z,386
2025-06-05T18:47:55.847486859Z,382
2025-06-05T18:48:40.493256132Z,384
2025-06-05T18:50:09.765575225Z,385
2025-06-05T18:50:54.417815263Z,383
2025-06-05T18:51:39.061705445Z,385
2025-06-05T18:53:08.346188468Z,386
2025-06-05T18:53:53.00841752Z,385
2025-06-05T18:54:37.651275014Z,386
2025-06-05T18:55:22.290293145Z,383
2025-06-05T18:56:06.940414528Z,384
2025-06-05T18:56:51.574650621Z,386
2025-06-05T18:57:36.233738129Z,384
2025-06-05T18:58:20.855845632Z,385
2025-06-05T18:59:50.130495958Z,384
2025-06-05T19:00:34.764228252Z,386
2025-06-05T19:01:19.399439965Z,384
2025-06-05T19:02:04.028905873Z,390
2025-06-05T19:02:48.685175572Z,391
2025-06-05T19:04:17.958546084Z,387
2025-06-05T19:05:02.603423628Z,385
2025-06-05T19:05:47.265779366Z,387
2025-06-05T19:06:31.906016793Z,391
2025-06-05T19:07:16.563201106Z,386
2025-06-05T19:08:01.221241916Z,384
2025-06-05T19:08:45.883452933Z,385
2025-06-05T19:09:30.538242695Z,383
2025-06-05T19:10:15.188220433Z,387
2025-06-05T19:11:44.467917607Z,384
2025-06-05T19:12:29.12344009Z,385
2025-06-05T19:13:13.778051656Z,383
2025-06-05T19:13:58.421882929Z,385
2025-06-05T19:14:43.051986987Z,383
2025-06-05T19:15:27.704347373Z,384
2025-06-05T19:16:12.342640426Z,386
2025-06-05T19:16:56.997817182Z,387
2025-06-05T19:17:41.65375246Z,385
2025-06-05T19:18:26.281752474Z,386
2025-06-05T19:19:10.923273753Z,387
2025-06-05T19:20:40.221243633Z,384
2025-06-05T19:21:24.872259125Z,388
2025-06-05T19:22:09.470436197Z,386
2025-06-05T19:22:54.130373123Z,392
2025-06-05T19:23:38.794895614Z,383
2025-06-05T19:24:23.440138283Z,388
2025-06-05T19:25:08.098302007Z,384
2025-06-05T19:25:52.747069609Z,386
2025-06-05T19:27:22.017248132Z,383
2025-06-05T19:28:51.25341352Z,382
2025-06-05T19:29:35.886656049Z,387
2025-06-05T19:31:49.815271804Z,385
2025-06-05T19:32:34.461177519Z,384
2025-06-05T19:33:19.11556514Z,385
2025-06-05T19:34:48.392653102Z,383
2025-06-05T19:35:33.037319885Z,393
2025-06-05T19:36:17.712517903Z,385
2025-06-05T19:37:02.34835092Z,384
2025-06-05T19:37:46.986949862Z,383
2025-06-05T19:38:31.649206257Z,387
2025-06-05T19:39:16.29321331Z,385
2025-06-05T19:40:00.92082698Z,389
2025-06-05T19:40:45.569635386Z,384
2025-06-05T19:42:59.500130716Z,392
2025-06-05T19:43:44.155293197Z,393
2025-06-05T19:44:28.820621315Z,387
2025-06-05T19:45:58.123486087Z,384
2025-06-05T19:46:42.789438635Z,386
2025-06-05T19:47:27.455597629Z,387
2025-06-05T19:48:12.113093416Z,385
2025-06-05T19:48:56.768216272Z,386
2025-06-05T19:49:41.432065279Z,394
2025-06-05T19:50:26.093943533Z,385
2025-06-05T19:51:10.753327732Z,383
2025-06-05T19:51:55.384038588Z,385
2025-06-05T19:52:40.043794271Z,384
2025-06-05T19:53:24.703842679Z,385
2025-06-05T19:54:53.986076671Z,383
2025-06-05T19:55:38.650354011Z,386
2025-06-05T19:56:23.307695336Z,385
2025-06-05T19:57:08.020889161Z,383
2025-06-05T19:58:37.260663669Z,382
2025-06-05T19:59:21.876602756Z,383
2025-06-05T20:00:06.518879887Z,387
2025-06-05T20:00:51.17570718Z,383
2025-06-05T20:01:35.824009488Z,381
2025-06-05T20:02:20.443359021Z,386
2025-06-05T20:03:05.084509621Z,385
2025-06-05T20:03:49.743602486Z,384
2025-06-05T20:04:34.387229729Z,386
2025-06-05T20:06:48.284494275Z,385
2025-06-05T20:07:32.942930232Z,387
2025-06-05T20:08:17.595707324Z,383
2025-06-05T20:09:02.257886514Z,382
2025-06-05T20:09:46.921097557Z,386
2025-06-05T20:10:31.58385252Z,390
2025-06-05T20:11:16.254193664Z,387
2025-06-05T20:12:00.916968128Z,386
2025-06-05T20:12:45.565861502Z,382
2025-06-05T20:13:30.224055649Z,383
2025-06-05T20:14:14.873364989Z,384
2025-06-05T20:14:59.505793978Z,385
2025-06-05T20:15:44.170861331Z,390
2025-06-05T20:16:28.818215858Z,385
2025-06-05T20:17:13.456226756Z,387
2025-06-05T20:18:42.726323476Z,386
2025-06-05T20:20:12.000434514Z,381
2025-06-05T20:20:56.647348332Z,385
2025-06-05T20:21:41.269383895Z,387
2025-06-05T20:22:25.934422072Z,385
2025-06-05T20:23:10.570553789Z,384
2025-06-05T20:24:39.833646652Z,394
2025-06-05T20:25:24.462762985Z,383
2025-06-05T20:26:09.100053668Z,384
2025-06-05T20:26:53.766730716Z,386
2025-06-05T20:28:23.05105838Z,385
2025-06-05T20:29:07.71921772Z,390
2025-06-05T20:29:52.377683045Z,384
2025-06-05T20:30:37.00863433Z,394
2025-06-05T20:31:21.66960401Z,386
2025-06-05T20:32:06.331769799Z,383
2025-06-05T20:32:50.979672077Z,386
2025-06-05T20:33:35.615629373Z,384
2025-06-05T20:34:20.276763448Z,385
2025-06-05T20:35:04.906601853Z,386
2025-06-05T20:35:49.537694832Z,389
2025-06-05T20:36:34.180322342Z,393
2025-06-05T20:37:18.840345079Z,382
2025-06-05T20:38:48.128122134Z,385
2025-06-05T20:39:32.748808989Z,384
2025-06-05T20:40:17.404674816Z,386
2025-06-05T20:41:02.069305269Z,393
2025-06-05T20:41:46.73097732Z,386
2025-06-05T20:42:31.391894645Z,383
2025-06-05T20:45:29.953681215Z,386
2025-06-05T20:46:14.618253765Z,392
2025-06-05T20:46:59.273539154Z,385
2025-06-05T20:47:43.929486567Z,387
2025-06-05T20:48:28.58685679Z,386
2025-06-05T20:49:13.305871578Z,385
2025-06-05T20:49:57.923724503Z,384
2025-06-05T20:50:42.557045607Z,383
2025-06-05T20:51:27.223747192Z,382
2025-06-05T20:52:11.88044976Z,385
2025-06-05T20:52:56.547635877Z,384
2025-06-05T20:53:41.19443543Z,386
2025-06-05T20:55:10.449606666Z,384
2025-06-05T20:55:55.109170454Z,393
2025-06-05T20:56:39.765812012Z,385
2025-06-05T20:57:24.405016409Z,391
2025-06-05T20:58:09.04437869Z,386
2025-06-05T20:58:53.707020622Z,383
2025-06-05T20:59:38.359155224Z,384
2025-06-05T21:00:22.997651758Z,381
2025-06-05T21:01:07.643153014Z,392
2025-06-05T21:01:52.301693119Z,384
2025-06-05T21:02:36.947912068Z,385
2025-06-05T21:03:21.597291864Z,383
2025-06-05T21:04:06.282646304Z,384
2025-06-05T21:04:50.905313012Z,385
2025-06-05T21:05:35.564210399Z,382
2025-06-05T21:06:20.206944798Z,386
2025-06-05T21:07:04.872165786Z,384
2025-06-05T21:07:49.531191566Z,390
2025-06-05T21:08:34.173698555Z,385
2025-06-05T21:10:03.448432049Z,386
2025-06-05T21:10:48.095628043Z,387
2025-06-05T21:11:32.740795948Z,384
2025-06-05T21:12:17.399518411Z,385
2025-06-05T21:13:02.05675292Z,384
2025-06-05T21:13:46.708874303Z,387
2025-06-05T21:14:31.371842567Z,386
2025-06-05T21:15:16.016948812Z,383
2025-06-05T21:16:00.666397185Z,385
2025-06-05T21:16:45.329276843Z,386
2025-06-05T21:18:14.63355213Z,384
2025-06-05T21:18:59.293271721Z,386
2025-06-05T21:19:43.936399369Z,382
2025-06-05T21:20:28.592040324Z,384
2025-06-05T21:21:13.231428409Z,386
2025-06-05T21:21:57.887761824Z,385
2025-06-05T21:22:42.527095579Z,386
2025-06-05T21:24:11.793708107Z,384
2025-06-05T21:24:56.441802202Z,389
2025-06-05T21:25:41.088478421Z,392
2025-06-05T21:26:25.725606728Z,382
2025-06-05T21:27:10.364156256Z,385
2025-06-05T21:27:55.024537145Z,386
2025-06-05T21:29:24.312839436Z,384
2025-06-05T21:30:08.967104352Z,386
2025-06-05T21:30:53.620156547Z,384
2025-06-05T21:31:38.27050002Z,387
2025-06-05T21:32:22.917881956Z,385
2025-06-05T21:33:07.573759368Z,382
2025-06-05T21:33:52.218098402Z,388
2025-06-05T21:34:36.864609706Z,385
2025-06-05T21:36:06.159119084Z,384
2025-06-05T21:37:35.454312958Z,382
2025-06-05T21:38:20.09808307Z,386
2025-06-05T21:39:04.739156944Z,385
2025-06-05T21:39:49.383636505Z,390
2025-06-05T21:40:34.011743215Z,383
2025-06-05T21:41:18.647557678Z,385
2025-06-05T21:42:03.302030858Z,383
2025-06-05T21:42:47.937523931Z,384
2025-06-05T21:43:32.569041021Z,383
2025-06-05T21:44:17.195715326Z,382
2025-06-05T21:45:01.821362211Z,384
2025-06-05T21:45:46.433645976Z,383
2025-06-05T21:48:00.312015623Z,385
2025-06-05T21:50:14.239498678Z,387
2025-06-05T21:50:58.859895978Z,382
2025-06-05T21:51:43.523187372Z,391
2025-06-05T21:52:28.170837228Z,393
2025-06-05T21:53:12.821823586Z,386
2025-06-05T21:53:57.474847288Z,384
2025-06-05T21:55:26.774630618Z,386
2025-06-05T21:56:11.431128449Z,383
2025-06-05T21:56:56.094867934Z,389
2025-06-05T21:57:40.7557455Z,384
2025-06-05T21:58:25.421371001Z,386
2025-06-05T21:59:10.075240127Z,384
2025-06-05T21:59:54.711082043Z,385
2025-06-05T22:00:39.37233231Z,384
2025-06-05T22:02:08.642832302Z,382
2025-06-05T22:02:53.298984512Z,384
2025-06-05T22:03:37.954199703Z,387
2025-06-05T22:04:22.613612361Z,385
2025-06-05T22:05:07.270858831Z,387
2025-06-05T22:05:51.930280694Z,383
2025-06-05T22:06:36.579100458Z,387
2025-06-05T22:07:21.225553249Z,385
2025-06-05T22:08:05.863994687Z,384
2025-06-05T22:08:50.520460006Z,382
2025-06-05T22:09:35.183626791Z,386
2025-06-05T22:10:19.845722702Z,382
2025-06-05T22:11:04.472760106Z,383
2025-06-05T22:11:49.113803247Z,382
2025-06-05T22:12:33.760981595Z,383
2025-06-05T22:13:18.403423748Z,385
2025-06-05T22:14:03.021590859Z,386
2025-06-05T22:14:47.67820049Z,387
2025-06-05T22:15:32.319144002Z,383
2025-06-05T22:16:16.981392279Z,389
2025-06-05T22:17:01.611088325Z,385
2025-06-05T22:17:46.235442842Z,382
2025-06-05T22:18:30.889071975Z,383
2025-06-05T22:20:00.181984421Z,385
2025-06-05T22:20:44.84104166Z,383
2025-06-05T22:22:58.715529144Z,385
2025-06-05T22:25:12.653736698Z,386
2025-06-05T22:25:57.310999601Z,387
2025-06-05T22:26:41.969553941Z,384
2025-06-05T22:27:26.606664152Z,385
2025-06-05T22:28:11.271289559Z,384
2025-06-05T22:30:25.174739899Z,386
2025-06-05T22:31:09.811581272Z,385
2025-06-05T22:31:54.443163571Z,386
2025-06-05T22:32:39.099175807Z,387
2025-06-05T22:33:23.751000557Z,385
2025-06-05T22:34:08.40731854Z,389
2025-06-05T22:35:37.691574031Z,385
2025-06-05T22:36:22.337958766Z,393
2025-06-05T22:37:06.985516195Z,383
2025-06-05T22:37:51.643982739Z,382
2025-06-05T22:38:36.276589871Z,385
2025-06-05T22:39:20.934761677Z,386
2025-06-05T22:40:05.569090301Z,383
2025-06-05T22:40:50.230811354Z,386
2025-06-05T22:42:19.520100369Z,382
2025-06-05T22:43:04.189928549Z,386
2025-06-05T22:44:33.479088676Z,384
2025-06-05T22:45:18.150115333Z,385
2025-06-05T22:46:02.791044898Z,386
2025-06-05T22:46:47.452509105Z,384
2025-06-05T22:47:32.093984044Z,383
2025-06-05T22:48:16.785376439Z,385
2025-06-05T22:49:01.414717479Z,388
2025-06-05T22:49:46.066226243Z,387
2025-06-05T22:50:30.704584014Z,383
2025-06-05T22:51:15.356949216Z,384
2025-06-05T22:52:00.018936245Z,383
2025-06-05T22:52:44.658351477Z,385
2025-06-05T22:53:29.314931614Z,392
2025-06-05T22:54:13.973874353Z,386
2025-06-05T22:54:58.624926103Z,388
2025-06-05T22:55:43.26405892Z,386
2025-06-05T22:56:27.931299599Z,382
2025-06-05T22:57:12.579972968Z,386
2025-06-05T22:57:57.227817942Z,384
2025-06-05T22:58:41.877899745Z,383
2025-06-05T22:59:26.534127185Z,384
2025-06-05T23:01:40.448090823Z,383
2025-06-05T23:02:25.108873908Z,382
2025-06-05T23:03:09.759327442Z,383
2025-06-05T23:04:39.04247942Z,382
2025-06-05T23:05:23.701861117Z,385
2025-06-05T23:06:08.348862488Z,384
2025-06-05T23:06:53.010182815Z,383
2025-06-05T23:07:37.664688043Z,384
2025-06-05T23:08:22.301801536Z,385
2025-06-05T23:09:06.960582957Z,383
2025-06-05T23:09:51.599716428Z,386
2025-06-05T23:11:20.869525668Z,383
2025-06-05T23:12:05.534565581Z,387
2025-06-05T23:12:50.194843559Z,383
2025-06-05T23:14:19.451280142Z,386
2025-06-05T23:15:04.07541172Z,384
2025-06-05T23:15:48.731293363Z,387
2025-06-05T23:16:33.370099651Z,389
2025-06-05T23:17:18.021106341Z,385
2025-06-05T23:18:02.654407507Z,386
2025-06-05T23:19:31.915912738Z,383
2025-06-05T23:20:16.553621673Z,387
2025-06-05T23:21:01.212862203Z,386
2025-06-05T23:21:45.870837157Z,383
2025-06-05T23:23:15.129203055Z,384
2025-06-05T23:23:59.787844004Z,385
2025-06-05T23:25:29.07962504Z,386
2025-06-05T23:26:13.71815348Z,385
2025-06-05T23:26:58.361513872Z,384
2025-06-05T23:27:42.988731111Z,382
2025-06-05T23:29:56.849129904Z,387
2025-06-05T23:30:41.506749854Z,384
2025-06-05T23:31:26.160675712Z,382
2025-06-05T23:32:10.814888952Z,386
2025-06-05T23:32:55.462469129Z,384
2025-06-05T23:33:40.134092346Z,385
2025-06-05T23:35:09.397534873Z,384
2025-06-05T23:35:54.044881006Z,382
2025-06-05T23:36:38.710468928Z,384
2025-06-05T23:37:23.357029415Z,386
2025-06-05T23:38:08.01838177Z,385
2025-06-05T23:38:52.659187147Z,386
2025-06-05T23:40:21.968038822Z,388
2025-06-05T23:41:06.624199306Z,383
2025-06-05T23:41:51.270389798Z,386
2025-06-05T23:42:35.932083736Z,383
2025-06-05T23:43:20.574042057Z,386
2025-06-05T23:44:05.232232102Z,385
2025-06-05T23:44:49.875100542Z,383
2025-06-05T23:45:34.525904187Z,386
2025-06-05T23:47:03.773208506Z,384
2025-06-05T23:48:33.033204785Z,385
2025-06-05T23:49:17.689722838Z,386
2025-06-05T23:50:02.337456115Z,384
2025-06-05T23:52:16.25565371Z,386
2025-06-05T23:53:00.893735179Z,387
2025-06-05T23:53:45.537167264Z,384
2025-06-05T23:54:30.188761241Z,383
2025-06-05T23:55:14.827244539Z,386
2025-06-05T23:55:59.483306596Z,384
2025-06-05T23:56:44.140836748Z,385
2025-06-05T23:57:28.782799025Z,384
2025-06-05T23:58:13.424721815Z,386
2025-06-05T23:58:58.082353279Z,384
2025-06-06T00:00:27.376293525Z,385
2025-06-06T00:01:12.00046232Z,386
2025-06-06T00:01:56.649536471Z,382
2025-06-06T00:02:41.313390387Z,383
2025-06-06T00:03:25.953465063Z,385
2025-06-06T00:04:10.616809302Z,383
2025-06-06T00:04:55.274260546Z,387
2025-06-06T00:05:39.901127555Z,384
2025-06-06T00:06:24.544418741Z,382
2025-06-06T00:07:09.184807065Z,384
2025-06-06T00:09:23.089838487Z,383
2025-06-06T00:10:07.744408647Z,395
2025-06-06T00:10:52.395425594Z,393
2025-06-06T00:11:37.055668399Z,385
2025-06-06T00:12:21.716500038Z,383
2025-06-06T00:13:06.332611131Z,392
2025-06-06T00:13:50.973300705Z,383
2025-06-06T00:14:35.600017692Z,386
2025-06-06T00:15:20.244233286Z,383
2025-06-06T00:16:04.890663356Z,382
2025-06-06T00:16:49.538948462Z,386
2025-06-06T00:17:34.201556672Z,383
2025-06-06T00:18:18.860831745Z,384
2025-06-06T00:19:48.15594574Z,383
2025-06-06T00:20:32.808404343Z,386
2025-06-06T00:21:17.471671103Z,387
2025-06-06T00:22:02.113213374Z,386
2025-06-06T00:22:46.723434791Z,382
2025-06-06T00:23:31.367369633Z,385
2025-06-06T00:25:45.303789189Z,387
2025-06-06T00:26:29.967620871Z,383
2025-06-06T00:27:59.247831065Z,381
2025-06-06T00:28:43.901134055Z,385
2025-06-06T00:29:28.531778648Z,383
2025-06-06T00:30:13.178986918Z,385
2025-06-06T00:30:57.837907361Z,384
2025-06-06T00:31:42.497228106Z,386
2025-06-06T00:32:27.155806444Z,391
2025-06-06T00:33:11.817270244Z,384
2025-06-06T00:33:56.457382096Z,386
2025-06-06T00:34:41.111430443Z,385
2025-06-06T00:35:25.777703549Z,386
2025-06-06T00:36:10.425139744Z,384
2025-06-06T00:37:39.68897747Z,386
2025-06-06T00:38:24.34526758Z,385
2025-06-06T00:39:53.62214961Z,387
2025-06-06T00:40:38.265957311Z,383
2025-06-06T00:41:22.912910804Z,387
2025-06-06T00:42:07.572833191Z,383
2025-06-06T00:43:36.855158355Z,391
2025-06-06T00:44:21.515635418Z,382
2025-06-06T00:45:06.169402646Z,393
2025-06-06T00:45:50.801732748Z,388
2025-06-06T00:46:35.441131396Z,393
2025-06-06T00:47:20.07376107Z,386
2025-06-06T00:48:04.735712038Z,385
2025-06-06T00:48:49.391360306Z,384
2025-06-06T00:49:34.047648573Z,385
2025-06-06T00:50:18.708411022Z,383
2025-06-06T00:51:03.353699766Z,386
2025-06-06T00:51:48.003104786Z,383
2025-06-06T00:52:32.660542903Z,386
2025-06-06T00:53:17.328375011Z,382
2025-06-06T00:54:01.978047322Z,383
2025-06-06T00:54:46.611026482Z,386
2025-06-06T00:56:15.883634214Z,384
2025-06-06T00:57:45.145573014Z,389
2025-06-06T00:58:29.804532677Z,386
2025-06-06T00:59:14.448228894Z,382
2025-06-06T00:59:59.098354057Z,386
2025-06-06T01:00:43.735242932Z,387
2025-06-06T01:01:28.407748101Z,382
2025-06-06T01:02:13.009236241Z,383
2025-06-06T01:02:57.668469539Z,387
2025-06-06T01:03:42.302247159Z,384
2025-06-06T01:05:56.178115878Z,386
2025-06-06T01:06:40.814322407Z,383
2025-06-06T01:07:25.44945665Z,386
2025-06-06T01:08:10.104397813Z,389
2025-06-06T01:08:54.760608315Z,382
2025-06-06T01:10:24.025372193Z,386
2025-06-06T01:11:08.655492396Z,383
2025-06-06T01:11:53.316019265Z,384
2025-06-06T01:12:37.965955058Z,383
2025-06-06T01:13:22.612259783Z,384
2025-06-06T01:14:07.27024622Z,386
2025-06-06T01:14:51.934203388Z,384
2025-06-06T01:15:36.591357791Z,383
2025-06-06T01:16:21.215368145Z,391
2025-06-06T01:17:05.875449561Z,385
2025-06-06T01:17:50.519713058Z,386
2025-06-06T01:18:35.167576221Z,387
2025-06-06T01:19:19.793062832Z,381
2025-06-06T01:20:04.404710681Z,383
2025-06-06T01:20:49.066258389Z,385
2025-06-06T01:21:33.721483154Z,386
2025-06-06T01:22:18.345069963Z,384
2025-06-06T01:23:02.972891743Z,383
2025-06-06T01:24:32.250384134Z,385
2025-06-06T01:25:16.887442815Z,382
2025-06-06T01:26:01.518960715Z,386
2025-06-06T01:26:46.162195353Z,385
2025-06-06T01:27:30.781806172Z,384
2025-06-06T01:28:15.435815869Z,387
2025-06-06T01:29:00.096251153Z,382
2025-06-06T01:29:44.715691976Z,384
2025-06-06T01:30:29.349499234Z,381
2025-06-06T01:31:13.98471499Z,383
2025-06-06T01:31:58.63105547Z,385
2025-06-06T01:32:43.275913651Z,386
2025-06-06T01:33:27.924515597Z,384
2025-06-06T01:34:57.210737502Z,383
2025-06-06T01:36:26.511368289Z,385
2025-06-06T01:37:11.157306034Z,386
2025-06-06T01:38:40.472725292Z,383
2025-06-06T01:39:25.136012286Z,381
2025-06-06T01:40:09.773993202Z,384
2025-06-06T01:40:54.438047797Z,383
2025-06-06T01:41:39.095845813Z,385
2025-06-06T01:43:53.009762892Z,382
2025-06-06T01:44:37.66614664Z,384
2025-06-06T01:45:22.317292656Z,383
2025-06-06T01:46:06.940673232Z,384
2025-06-06T01:47:36.230693099Z,383
2025-06-06T01:48:20.834678464Z,392
2025-06-06T01:49:05.492588188Z,385
2025-06-06T01:50:34.773976075Z,393
2025-06-06T01:51:19.38105363Z,382
2025-06-06T01:52:04.038721903Z,384
2025-06-06T01:52:48.693505403Z,386
2025-06-06T01:54:17.981640171Z,383
2025-06-06T01:55:02.643251477Z,382
2025-06-06T01:55:47.291105753Z,386
2025-06-06T01:56:31.9403242Z,385
2025-06-06T01:58:01.252440829Z,387
2025-06-06T01:58:45.900598738Z,385
2025-06-06T01:59:30.548713815Z,383
2025-06-06T02:00:15.208201438Z,384
2025-06-06T02:01:44.467790294Z,383
2025-06-06T02:02:29.113186541Z,382
2025-06-06T02:03:13.753448446Z,384
2025-06-06T02:03:58.393881282Z,385
2025-06-06T02:04:43.03569176Z,382
2025-06-06T02:05:27.698919827Z,383
2025-06-06T02:06:12.358224966Z,384
2025-06-06T02:06:57.006393228Z,389
2025-06-06T02:07:41.656668871Z,392
2025-06-06T02:08:26.323160721Z,383
2025-06-06T02:09:10.973640104Z,382
2025-06-06T02:10:40.251137657Z,384
2025-06-06T02:12:09.498884385Z,383
2025-06-06T02:13:38.800212811Z,384
2025-06-06T02:14:23.457502033Z,383
2025-06-06T02:15:08.098194706Z,384
2025-06-06T02:15:52.742943207Z,385
2025-06-06T02:18:06.646229382Z,384
2025-06-06T02:18:51.299677954Z,383
2025-06-06T02:19:35.931255567Z,382
2025-06-06T02:20:20.598277167Z,384
2025-06-06T02:21:49.905724705Z,380
2025-06-06T02:22:34.55732926Z,384
2025-06-06T02:23:19.229624345Z,385
2025-06-06T02:24:03.872997543Z,381
2025-06-06T02:24:48.508470468Z,386
2025-06-06T02:25:33.176627096Z,389
2025-06-06T02:26:17.813258995Z,384
2025-06-06T02:27:47.105770168Z,387
2025-06-06T02:28:31.747326439Z,383
2025-06-06T02:29:16.399267479Z,382
2025-06-06T02:30:01.044996389Z,383
2025-06-06T02:30:45.700532827Z,385
2025-06-06T02:32:14.996186661Z,382
2025-06-06T02:32:59.652956057Z,383
2025-06-06T02:33:44.314137935Z,387
2025-06-06T02:34:28.97739551Z,383
2025-06-06T02:35:13.628407357Z,385
2025-06-06T02:35:58.257441193Z,383
2025-06-06T02:37:27.573751802Z,384
2025-06-06T02:38:12.229332185Z,381
2025-06-06T02:38:56.857929262Z,385
2025-06-06T02:39:41.513057791Z,384
2025-06-06T02:41:10.802922585Z,382
2025-06-06T02:41:55.448870793Z,385
2025-06-06T02:42:40.093012768Z,384
2025-06-06T02:43:24.742135469Z,382
2025-06-06T02:44:09.405831693Z,386
2025-06-06T02:44:54.052292319Z,385
2025-06-06T02:45:38.717823209Z,383
2025-06-06T02:46:23.36872064Z,385
2025-06-06T02:47:08.036235556Z,383
2025-06-06T02:47:52.673658688Z,384
2025-06-06T02:48:37.333929592Z,385
2025-06-06T02:49:21.993866847Z,382
2025-06-06T02:50:51.263900083Z,386
2025-06-06T02:51:35.912038825Z,384
2025-06-06T02:52:20.571086776Z,389
2025-06-06T02:53:05.219941583Z,392
2025-06-06T02:53:49.860766426Z,383
2025-06-06T02:54:34.503113809Z,391
2025-06-06T02:55:19.148130908Z,381
2025-06-06T02:56:03.795165101Z,383
2025-06-06T02:56:48.428058222Z,386
2025-06-06T02:57:33.089378389Z,382
2025-06-06T02:58:17.752881296Z,381
2025-06-06T02:59:02.417876812Z,385
2025-06-06T02:59:47.073758504Z,382
2025-06-06T03:00:31.712203719Z,384
2025-06-06T03:01:16.358355459Z,383
2025-06-06T03:02:01.017839551Z,384
2025-06-06T03:02:45.656268579Z,383
2025-06-06T03:03:30.296264226Z,384
2025-06-06T03:04:14.957092722Z,382
2025-06-06T03:04:59.612144201Z,385
2025-06-06T03:05:44.265254003Z,382
2025-06-06T03:06:28.887503916Z,384
2025-06-06T03:07:13.54722733Z,385
2025-06-06T03:07:58.212022071Z,384
2025-06-06T03:08:42.867442853Z,382
2025-06-06T03:09:27.523501385Z,381
2025-06-06T03:10:12.186072332Z,385
2025-06-06T03:10:56.842480705Z,382
2025-06-06T03:11:41.493307623Z,383
2025-06-06T03:12:26.130388593Z,382
2025-06-06T03:13:10.794753282Z,387
2025-06-06T03:13:55.429886653Z,381
2025-06-06T03:14:40.087131513Z,385
2025-06-06T03:15:24.746494343Z,383
2025-06-06T03:16:09.411086446Z,384
2025-06-06T03:16:54.072240453Z,382
2025-06-06T03:18:23.365593263Z,386
2025-06-06T03:19:08.02406881Z,383
2025-06-06T03:19:52.693974685Z,384
2025-06-06T03:20:37.35553322Z,387
2025-06-06T03:21:22.012261574Z,385
2025-06-06T03:22:06.650988049Z,381
2025-06-06T03:22:51.320066195Z,385
2025-06-06T03:23:35.945848567Z,383
2025-06-06T03:24:20.591597496Z,392
2025-06-06T03:25:49.891396911Z,388
2025-06-06T03:26:34.544277565Z,382
2025-06-06T03:27:19.204143266Z,383
2025-06-06T03:28:03.865063494Z,385
2025-06-06T03:28:48.499898497Z,383
2025-06-06T03:29:33.154490741Z,382
2025-06-06T03:30:17.799724064Z,385
2025-06-06T03:31:02.459025192Z,387
2025-06-06T03:31:47.121478078Z,385
2025-06-06T03:32:31.78273374Z,384
2025-06-06T03:33:16.427314283Z,382
2025-06-06T03:34:45.725189748Z,383
2025-06-06T03:36:14.996679731Z,385
2025-06-06T03:37:44.311393235Z,382
2025-06-06T03:38:28.953899887Z,384
2025-06-06T03:39:13.613760409Z,382
2025-06-06T03:39:58.255249697Z,386
2025-06-06T03:40:42.897408969Z,382
2025-06-06T03:42:12.175695038Z,383
2025-06-06T03:42:56.823521072Z,382
2025-06-06T03:43:41.485792711Z,383
2025-06-06T03:44:26.147047511Z,386
2025-06-06T03:45:55.442852882Z,382
2025-06-06T03:46:40.087148247Z,384
2025-06-06T03:48:09.370826799Z,385
2025-06-06T03:48:54.019987786Z,384
2025-06-06T03:49:38.665350276Z,383
2025-06-06T03:50:23.30963843Z,384
2025-06-06T03:51:07.972180742Z,383
2025-06-06T03:51:52.624369303Z,385
2025-06-06T03:52:37.290275038Z,384
2025-06-06T03:53:21.952474178Z,382
2025-06-06T03:54:06.61373386Z,384
2025-06-06T03:54:51.261975154Z,382
2025-06-06T03:55:35.930502266Z,384
2025-06-06T03:56:20.579679502Z,383
2025-06-06T03:57:05.212066579Z,385
2025-06-06T03:57:49.875132518Z,382
2025-06-06T03:58:34.529879301Z,383
2025-06-06T04:00:48.459321783Z,386
2025-06-06T04:01:33.121119039Z,384
2025-06-06T04:02:17.778839928Z,386
2025-06-06T04:03:02.424024634Z,383
2025-06-06T04:03:47.07167217Z,382
2025-06-06T04:04:31.721014841Z,381
2025-06-06T04:05:16.343846836Z,383
2025-06-06T04:06:00.961093844Z,384
2025-06-06T04:06:45.600421635Z,385
2025-06-06T04:07:30.254457429Z,382
2025-06-06T04:08:14.894577956Z,384
2025-06-06T04:09:44.160209938Z,392
2025-06-06T04:10:28.808722951Z,387
2025-06-06T04:11:13.453541391Z,390
2025-06-06T04:11:58.093276733Z,393
2025-06-06T04:12:42.759423088Z,384
2025-06-06T04:13:27.421698556Z,385
2025-06-06T04:14:12.080769059Z,380
2025-06-06T04:14:56.738220748Z,383
2025-06-06T04:15:41.37319446Z,385
2025-06-06T04:16:26.028894302Z,382
2025-06-06T04:18:39.938430259Z,383
2025-06-06T04:19:24.584745006Z,384
2025-06-06T04:20:09.205744569Z,386
2025-06-06T04:20:53.842845512Z,382
2025-06-06T04:22:23.09239954Z,383
2025-06-06T04:23:07.723075436Z,386
2025-06-06T04:23:52.360983553Z,382
2025-06-06T04:25:21.648563238Z,392
2025-06-06T04:26:06.284313449Z,390
2025-06-06T04:26:50.925583583Z,382
2025-06-06T04:28:20.219821354Z,383
2025-06-06T04:30:34.141939746Z,384
2025-06-06T04:31:18.795844585Z,385
2025-06-06T04:32:03.425184147Z,384
2025-06-06T04:32:48.067860508Z,381
2025-06-06T04:33:32.719122979Z,383
2025-06-06T04:36:31.229427382Z,386
2025-06-06T04:37:15.881901723Z,384
2025-06-06T04:38:00.517280041Z,383
2025-06-06T04:38:45.169193356Z,384
2025-06-06T04:39:29.826181757Z,387
2025-06-06T04:40:14.453106547Z,384
2025-06-06T04:40:59.10955185Z,385
2025-06-06T04:42:28.383528567Z,384
2025-06-06T04:43:13.043421283Z,381
2025-06-06T04:43:57.697098614Z,384
2025-06-06T04:44:42.352426923Z,389
2025-06-06T04:45:27.017912133Z,381
2025-06-06T04:46:11.670390351Z,384
2025-06-06T04:46:56.333581044Z,383
2025-06-06T04:47:40.977048395Z,382
2025-06-06T04:48:25.622421308Z,383
2025-06-06T04:49:10.26668647Z,382
2025-06-06T04:49:54.919896388Z,383
2025-06-06T04:50:39.56510783Z,385
2025-06-06T04:51:24.239816204Z,384
2025-06-06T04:52:08.883618912Z,383
2025-06-06T04:52:53.524195271Z,384
2025-06-06T04:53:38.148881333Z,385
2025-06-06T04:54:22.810720903Z,384
2025-06-06T04:55:07.442852791Z,382
2025-06-06T04:56:36.695771528Z,381
2025-06-06T04:57:21.328349265Z,383
2025-06-06T04:58:50.620077927Z,382
2025-06-06T04:59:35.2664904Z,383
2025-06-06T05:01:04.569877422Z,382
2025-06-06T05:01:49.23545674Z,391
2025-06-06T05:02:33.898087671Z,384
2025-06-06T05:03:18.523637454Z,382
2025-06-06T05:04:03.153384606Z,381
2025-06-06T05:04:47.787283665Z,383
2025-06-06T05:06:17.04885436Z,381
2025-06-06T05:07:01.712130299Z,385
2025-06-06T05:09:15.593050139Z,382
2025-06-06T05:10:44.879893393Z,383
2025-06-06T05:11:29.532390157Z,384
2025-06-06T05:12:58.812969406Z,383
2025-06-06T05:13:43.468148168Z,385
2025-06-06T05:14:28.15344939Z,382
2025-06-06T05:15:12.767428271Z,387
2025-06-06T05:15:57.431070131Z,393
2025-06-06T05:16:42.081598149Z,387
2025-06-06T05:17:26.742580458Z,388
2025-06-06T05:18:11.403202045Z,385
2025-06-06T05:18:56.050628348Z,382
2025-06-06T05:19:40.708689451Z,385
2025-06-06T05:20:25.368050498Z,381
2025-06-06T05:21:10.01768551Z,386
2025-06-06T05:21:54.662892861Z,385
2025-06-06T05:22:39.316754559Z,382
2025-06-06T05:23:23.975066422Z,384
2025-06-06T05:24:53.294004452Z,387
2025-06-06T05:25:37.916759018Z,384
2025-06-06T05:26:22.55464231Z,383
2025-06-06T05:27:07.203186144Z,382
2025-06-06T05:27:51.847543829Z,381
2025-06-06T05:28:36.507781017Z,384
2025-06-06T05:29:21.167933824Z,382
2025-06-06T05:30:50.449620148Z,384
2025-06-06T05:31:35.076949148Z,383
2025-06-06T05:32:19.7369512Z,382
2025-06-06T05:35:18.315044846Z,383
2025-06-06T05:36:02.975000521Z,384
2025-06-06T05:36:47.648239305Z,385
2025-06-06T05:37:32.31128492Z,383
2025-06-06T05:38:16.964431548Z,385
2025-06-06T05:39:01.634082021Z,383
2025-06-06T05:39:46.301257739Z,386
2025-06-06T05:40:30.958946321Z,385
2025-06-06T05:41:15.594567815Z,382
2025-06-06T05:42:00.256759905Z,381
2025-06-06T05:42:44.927853252Z,385
2025-06-06T05:43:29.542174856Z,384
2025-06-06T05:44:14.178451698Z,382
2025-06-06T05:45:43.481422206Z,385
2025-06-06T05:46:28.117506596Z,384
2025-06-06T05:47:12.760637388Z,381
2025-06-06T05:47:57.401107587Z,383
2025-06-06T05:48:42.027640323Z,384
2025-06-06T05:49:26.652874291Z,382
2025-06-06T05:50:11.312153509Z,383
2025-06-06T05:50:55.966461443Z,382
2025-06-06T05:51:40.617010235Z,384
2025-06-06T05:52:25.261273474Z,381
2025-06-06T05:53:09.903223687Z,385
2025-06-06T05:53:54.550312534Z,382
2025-06-06T05:54:39.195885327Z,384
2025-06-06T05:55:23.841827784Z,383
2025-06-06T05:56:08.49500019Z,384
2025-06-06T05:56:53.142147489Z,383
2025-06-06T05:57:37.790994278Z,382
2025-06-06T05:58:22.449674085Z,383
2025-06-06T05:59:07.093052912Z,384
2025-06-06T05:59:51.742155469Z,382
2025-06-06T06:00:36.410959966Z,384
2025-06-06T06:01:21.045308987Z,386
2025-06-06T06:02:05.710090278Z,385
2025-06-06T06:03:34.983382247Z,382
2025-06-06T06:04:19.626301682Z,381
2025-06-06T06:05:04.257955227Z,382
2025-06-06T06:05:48.921326569Z,386
2025-06-06T06:06:33.566969307Z,384
2025-06-06T06:07:18.207852903Z,385
2025-06-06T06:08:02.863835522Z,382
2025-06-06T06:09:32.176727218Z,385
2025-06-06T06:10:16.838713937Z,383
2025-06-06T06:11:46.121356606Z,385
2025-06-06T06:12:30.787069102Z,382
2025-06-06T06:13:15.428082041Z,384
2025-06-06T06:14:00.085908465Z,388
2025-06-06T06:14:44.742953687Z,389
2025-06-06T06:15:29.398875107Z,383
2025-06-06T06:16:14.038007847Z,382
2025-06-06T06:16:58.68903083Z,384
2025-06-06T06:17:43.331168148Z,383
2025-06-06T06:18:27.996525986Z,382
2025-06-06T06:19:12.614236794Z,392
2025-06-06T06:19:57.271166967Z,383
2025-06-06T06:20:41.918733313Z,381
2025-06-06T06:21:26.561341337Z,389
2025-06-06T06:22:11.220059311Z,383
2025-06-06T06:22:55.880172779Z,381
2025-06-06T06:23:40.509642746Z,384
2025-06-06T06:24:25.15713586Z,385
2025-06-06T06:25:09.811497962Z,381
2025-06-06T06:25:54.455755277Z,384
2025-06-06T06:26:39.121926266Z,383
2025-06-06T06:27:23.771086143Z,384
2025-06-06T06:28:08.41692279Z,381
2025-06-06T06:29:37.69258573Z,382
2025-06-06T06:31:06.986171078Z,384
2025-06-06T06:31:51.628093314Z,388
2025-06-06T06:32:36.299976674Z,381
2025-06-06T06:33:20.929781838Z,384
2025-06-06T06:34:05.587658518Z,382
2025-06-06T06:35:34.892735048Z,380
2025-06-06T06:37:04.142532327Z,390
2025-06-06T06:37:48.779033269Z,382
2025-06-06T06:38:33.426680816Z,386
2025-06-06T06:39:18.091066413Z,391
2025-06-06T06:40:02.719291757Z,382
2025-06-06T06:40:47.38373905Z,384
2025-06-06T06:41:32.045912642Z,381
2025-06-06T06:42:16.711633884Z,383
2025-06-06T06:43:01.369831922Z,382
2025-06-06T06:43:46.028044995Z,384
2025-06-06T06:44:30.690481552Z,385
2025-06-06T06:45:15.355684771Z,381
2025-06-06T06:46:00.014390904Z,384
2025-06-06T06:47:29.317580073Z,383
2025-06-06T06:48:14.011820487Z,384
2025-06-06T06:48:58.624394643Z,385
